epoch,accuracy,loss,val_accuracy,val_loss
0,0.5440266132354736,5.728707790374756,0.6460543274879456,3.387948513031006
1,0.5421
1,0.6289008855819702,3.4195737838745117,0.6831105947494507,2.7834434509277344
2,0.5924
2,0.644871711730957,3.1575140953063965,0.6862421631813049,2.690967559814453
3,0.5936
3,0.6488641500473022,3.050851821899414,0.687056303024292,2.6652886867523193
4,0.5941
4,0.6517796516418457,2.9609012603759766,0.6897913217544556,2.587279796600342
5,0.5950
5,0.6538718938827515,2.8814499378204346,0.693027138710022,2.581815004348755
6,0.5929
6,0.6564831733703613,2.801682710647583,0.6903549432754517,2.644369602203369
7,0.5934
7,0.6593805551528931,2.7327921390533447,0.6868476271629333,2.574610471725464
8,0.5989
8,0.663524866104126,2.661216974258423,0.6805010437965393,2.596628427505493
9,0.5993
9,0.6682730913162231,2.582575559616089,0.6845720410346985,2.588514804840088
10,0.5994
10,0.6736565828323364,2.5069377422332764,0.6906889081001282,2.56289005279541
11,0.5981
11,0.6785253882408142,2.435112953186035,0.6873487234115601,2.544304847717285
12,0.5995
12,0.6847715377807617,2.359196901321411,0.6910229921340942,2.478222131729126
13,0.6001
13,0.6920191645622253,2.2800960540771484,0.6817537546157837,2.5442492961883545
14,0.6012
14,0.6985783576965332,2.205514669418335,0.669457197189331,2.62638783454895
15,0.5967
15,0.7047170400619507,2.133246898651123,0.6708141565322876,2.592712163925171
16,0.5962
16,0.7118842601776123,2.0571911334991455,0.6529019474983215,2.7237348556518555
17,0.5897
17,0.7198917865753174,1.9810576438903809,0.6435073614120483,2.79657244682312
18,0.5878
18,0.7267951369285583,1.90966796875,0.6484760046005249,2.704538583755493
19,0.5895
19,0.7339756488800049,1.839390516281128,0.6540082693099976,2.6352829933166504
20,0.5901
20,0.7415226101875305,1.764643669128418,0.6472232937812805,2.675204038619995
21,0.5853
21,0.7513591647148132,1.6814450025558472,0.647515594959259,2.751735210418701
22,0.5857
22,0.7622105479240417,1.599960207939148,0.6522964239120483,2.7956600189208984
23,0.5904
23,0.7712599635124207,1.5244442224502563,0.6653445363044739,2.674602746963501
24,0.5947
24,0.7812706828117371,1.4474414587020874,0.6697495579719543,2.6531989574432373
25,0.5970
25,0.7908879518508911,1.3749456405639648,0.6665969491004944,2.647613525390625
26,0.5961
26,0.8007647395133972,1.3057669401168823,0.655239999294281,2.7077159881591797
27,0.5913
27,0.8087365031242371,1.2417784929275513,0.6458038091659546,2.7910592555999756
28,0.5867
28,0.818134605884552,1.1805895566940308,0.6556576490402222,2.702514410018921
29,0.5914
29,0.8278279900550842,1.1123979091644287,0.6594780087471008,2.701871395111084
30,0.5948
30,0.8378206491470337,1.0455803871154785,0.6472233533859253,2.885829210281372
31,0.5907
31,0.8496466875076294,0.9735159873962402,0.6412526369094849,3.0142948627471924
32,0.5888
32,0.8603463172912598,0.9081073999404907,0.6430689692497253,2.955291986465454
33,0.5879
33,0.8706650733947754,0.8459911346435547,0.6435908675193787,2.962815761566162
34,0.5860
34,0.8797236084938049,0.7889597415924072,0.6428391933441162,3.036984443664551
35,0.5863
35,0.8902128338813782,0.7283140420913696,0.6481001973152161,2.986684799194336
36,0.5885
36,0.8999507427215576,0.6751595139503479,0.6505427956581116,2.9815549850463867
37,0.5892
37,0.9081330895423889,0.6253838539123535,0.6490814089775085,2.99029278755188
38,0.5889
38,0.9184610843658447,0.5721685290336609,0.6468476057052612,2.9439234733581543
39,0.5884
39,0.9269428849220276,0.5241855978965759,0.6451356410980225,3.002622127532959
40,0.5876
40,0.9349413514137268,0.4799799919128418,0.6389144062995911,3.1472392082214355
41,0.5856
41,0.9416120648384094,0.4392751455307007,0.6386013627052307,3.1895041465759277
42,0.5844
42,0.9484710693359375,0.40150490403175354,0.6440918445587158,3.1721136569976807
43,0.5879
43,0.9548468589782715,0.3657539486885071,0.6464510560035706,3.15240740776062
44,0.5876
44,0.9595276117324829,0.33277812600135803,0.6528810262680054,3.071556329727173
45,0.5903
45,0.9653139114379883,0.2981772720813751,0.6529436111450195,3.058107614517212
46,0.5900
46,0.9696863293647766,0.27015817165374756,0.6481001377105713,3.166290760040283
47,0.5883
47,0.9738708734512329,0.24303855001926422,0.645574152469635,3.2203385829925537
48,0.5876
48,0.9767948985099792,0.2210201770067215,0.6443005800247192,3.2634670734405518
49,0.5875
49,0.9798262119293213,0.19966664910316467,0.6423799395561218,3.3358078002929688
50,0.5862
